professor_id,email_address,first_name,last_name,course_id,rank
P2,prof2@example.edu,Prof2,LN,PX01,Assistant
P3,prof3@example.edu,Prof3,LN,C001,Assistant
P4,prof4@example.edu,Prof4,LN,C002,Assistant
P5,prof5@example.edu,Prof5,LN,C003,Assistant
P6,prof6@example.edu,Prof6,LN,C004,Assistant
P7,prof7@example.edu,Prof7,LN,C005,Assistant
P8,prof8@example.edu,Prof8,LN,C006,Assistant
P9,prof9@example.edu,Prof9,LN,C007,Assistant
P10,prof10@example.edu,Prof10,LN,C008,Assistant
P11,prof11@example.edu,Prof11,LN,C009,Assistant
P12,prof12@example.edu,Prof12,LN,C010,Assistant
P13,prof13@example.edu,Prof13,LN,C011,Assistant
P14,prof14@example.edu,Prof14,LN,C012,Assistant
P15,prof15@example.edu,Prof15,LN,C013,Assistant
P16,prof16@example.edu,Prof16,LN,C014,Assistant
P17,prof17@example.edu,Prof17,LN,C015,Assistant
P18,prof18@example.edu,Prof18,LN,C016,Assistant
P19,prof19@example.edu,Prof19,LN,C017,Assistant
P20,prof20@example.edu,Prof20,LN,C018,Assistant
P21,prof21@example.edu,Prof21,LN,C019,Assistant
P22,prof22@example.edu,Prof22,LN,C020,Assistant
P23,prof23@example.edu,Prof23,LN,C021,Assistant
P24,prof24@example.edu,Prof24,LN,C022,Assistant
P25,prof25@example.edu,Prof25,LN,C023,Assistant
P26,prof26@example.edu,Prof26,LN,C024,Assistant
P27,prof27@example.edu,Prof27,LN,C025,Assistant
P28,prof28@example.edu,Prof28,LN,C026,Assistant
P29,prof29@example.edu,Prof29,LN,C027,Assistant
P30,prof30@example.edu,Prof30,LN,C028,Assistant
P31,prof31@example.edu,Prof31,LN,C029,Assistant
P32,prof32@example.edu,Prof32,LN,C030,Assistant
P33,prof33@example.edu,Prof33,LN,C031,Assistant
P34,prof34@example.edu,Prof34,LN,C032,Assistant
P35,prof35@example.edu,Prof35,LN,C033,Assistant
P36,prof36@example.edu,Prof36,LN,C034,Assistant
P37,prof37@example.edu,Prof37,LN,C035,Assistant
P38,prof38@example.edu,Prof38,LN,C036,Assistant
P39,prof39@example.edu,Prof39,LN,C037,Assistant
P40,prof40@example.edu,Prof40,LN,C038,Assistant
P41,prof41@example.edu,Prof41,LN,C039,Assistant
P42,prof42@example.edu,Prof42,LN,C040,Assistant
P43,prof43@example.edu,Prof43,LN,C041,Assistant
P44,prof44@example.edu,Prof44,LN,C042,Assistant
P45,prof45@example.edu,Prof45,LN,C043,Assistant
P46,prof46@example.edu,Prof46,LN,C044,Assistant
P47,prof47@example.edu,Prof47,LN,C045,Assistant
P48,prof48@example.edu,Prof48,LN,C046,Assistant
P49,prof49@example.edu,Prof49,LN,C047,Assistant
P50,prof50@example.edu,Prof50,LN,C048,Assistant
P51,prof51@example.edu,Prof51,LN,C049,Assistant
P52,prof52@example.edu,Prof52,LN,C050,Assistant
P53,prof53@example.edu,Prof53,LN,C101,Assistant
P54,prof54@example.edu,Prof54,LN,PX01,Assistant
P55,prof55@example.edu,Prof55,LN,C001,Assistant
P56,prof56@example.edu,Prof56,LN,C002,Assistant
P57,prof57@example.edu,Prof57,LN,C003,Assistant
P58,prof58@example.edu,Prof58,LN,C004,Assistant
P59,prof59@example.edu,Prof59,LN,C005,Assistant
P60,prof60@example.edu,Prof60,LN,C006,Assistant
P61,prof61@example.edu,Prof61,LN,C007,Assistant
P62,prof62@example.edu,Prof62,LN,C008,Assistant
P63,prof63@example.edu,Prof63,LN,C009,Assistant
P64,prof64@example.edu,Prof64,LN,C010,Assistant
P65,prof65@example.edu,Prof65,LN,C011,Assistant
P66,prof66@example.edu,Prof66,LN,C012,Assistant
P67,prof67@example.edu,Prof67,LN,C013,Assistant
P68,prof68@example.edu,Prof68,LN,C014,Assistant
P69,prof69@example.edu,Prof69,LN,C015,Assistant
P70,prof70@example.edu,Prof70,LN,C016,Assistant
P71,prof71@example.edu,Prof71,LN,C017,Assistant
P72,prof72@example.edu,Prof72,LN,C018,Assistant
P73,prof73@example.edu,Prof73,LN,C019,Assistant
P74,prof74@example.edu,Prof74,LN,C020,Assistant
P75,prof75@example.edu,Prof75,LN,C021,Assistant
P76,prof76@example.edu,Prof76,LN,C022,Assistant
P77,prof77@example.edu,Prof77,LN,C023,Assistant
P78,prof78@example.edu,Prof78,LN,C024,Assistant
P79,prof79@example.edu,Prof79,LN,C025,Assistant
P80,prof80@example.edu,Prof80,LN,C026,Assistant
P81,prof81@example.edu,Prof81,LN,C027,Assistant
P82,prof82@example.edu,Prof82,LN,C028,Assistant
P83,prof83@example.edu,Prof83,LN,C029,Assistant
P84,prof84@example.edu,Prof84,LN,C030,Assistant
P85,prof85@example.edu,Prof85,LN,C031,Assistant
P86,prof86@example.edu,Prof86,LN,C032,Assistant
P87,prof87@example.edu,Prof87,LN,C033,Assistant
P88,prof88@example.edu,Prof88,LN,C034,Assistant
P89,prof89@example.edu,Prof89,LN,C035,Assistant
P90,prof90@example.edu,Prof90,LN,C036,Assistant
P91,prof91@example.edu,Prof91,LN,C037,Assistant
P92,prof92@example.edu,Prof92,LN,C038,Assistant
P93,prof93@example.edu,Prof93,LN,C039,Assistant
P94,prof94@example.edu,Prof94,LN,C040,Assistant
P95,prof95@example.edu,Prof95,LN,C041,Assistant
P96,prof96@example.edu,Prof96,LN,C042,Assistant
P97,prof97@example.edu,Prof97,LN,C043,Assistant
P98,prof98@example.edu,Prof98,LN,C044,Assistant
P99,prof99@example.edu,Prof99,LN,C045,Assistant
P100,prof100@example.edu,Prof100,LN,C046,Assistant
